{"1": [38.623115, -90.211626], "2": [38.623105, -90.211568], "3": [38.623086, -90.211477], "4": [38.622972, -90.2115126], "5": [38.623003, -90.211665], "6": [38.623045, -90.211875]}
